time,BTC_high,BTC_low,BTC_open,BTC_volumefrom,BTC_volumeto,BTC_close,BTC_conversionType,BTC_conversionSymbol,ETH_high,ETH_low,ETH_open,ETH_volumefrom,ETH_volumeto,ETH_close,ETH_conversionType,ETH_conversionSymbol,BCH_high,BCH_low,BCH_open,BCH_volumefrom,BCH_volumeto,BCH_close,BCH_conversionType,BCH_conversionSymbol,LTC_high,LTC_low,LTC_open,LTC_volumefrom,LTC_volumeto,LTC_close,LTC_conversionType,LTC_conversionSymbol
2017-12-20,17813.6,15642.69,17521.73,227676.13,3791752510.78,16461.97,direct,,830.2,713.75,812.5,1135826.7,889990388.6,799.17,direct,,4112.39,2665.55,2670.97,545546.68,1915071070.77,3715.91,direct,,346.73,286.54,346.73,2365656.66,752136890.57,304.81,direct,
2017-12-21,17301.83,14952.98,16461.09,163735.02,2619295475.76,15632.12,direct,,840.55,759.65,799.17,906371.43,725479885.52,789.39,direct,,3717.55,2857.3,3715.91,242943.03,787854447.7,3084.09,direct,,327.26,286.39,304.77,1381946.46,422642587.94,307.69,direct,
2017-12-22,15823.72,10875.71,15632.12,466980.6,6245731508.4,13664.97,direct,,794.16,490.28,789.39,2384161.57,1535685091.41,657.83,direct,,3163.97,1716.84,3084.09,397962.38,959174529.93,2521.46,direct,,309.11,158.96,307.69,4775833.04,1167484790.83,262.09,direct,
2017-12-23,15493.23,13356.07,13664.97,170169.39,2491903154.48,14396.46,direct,,747.53,651.1,657.81,663566.52,468771914.78,700.44,direct,,3249.32,2466.89,2521.45,189040.5,562467930.34,2991.57,direct,,312.71,256.31,262.15,1519044.69,433571769.1,284.11,direct,
2017-12-24,14413.72,12166.45,14396.63,182417.29,2428437693.16,13789.95,direct,,701.07,597.12,700.44,742417.69,477777689.82,675.91,direct,,2997.03,2463.15,2991.58,164197.45,439830450.44,2797.92,direct,,285.4,244.14,283.69,1190611.75,314928561.95,272.24,direct,
2017-12-25,14467.43,13010.71,13789.95,107475.98,1487888106.52,13833.49,direct,,747.36,671.71,676.08,536600.51,382873119.5,723.14,direct,,2852.47,2734.88,2822.8,186913.35,513771428.47,2748.71,multiply,BTC,283.46,262.39,272.24,569060.0,154893244.84,268.21,direct,
2017-12-26,16094.67,13748.49,13830.19,143135.26,2198577125.17,15756.56,direct,,840.14,731.1,721.24,956924.92,721022543.95,753.48,multiply,BTC,3145.01,2749.52,2748.06,215418.28,633027821.56,2938.6,multiply,BTC,283.86,267.58,268.03,687239.9,190763629.05,279.49,direct,
2017-12-27,16514.59,14534.66,15757.02,138705.28,2162831128.76,15416.64,direct,,766.53,706.67,753.44,474557.77,352542483.1,739.94,direct,,2881.37,2684.04,2937.11,214052.6,579805058.48,2708.7,multiply,BTC,285.32,252.87,279.47,812937.24,219103646.23,264.07,direct,
2017-12-28,15505.51,13466.07,15416.34,170366.63,2425912717.56,14398.7,direct,,741.46,671.23,739.93,624468.48,437323299.68,716.69,direct,,2575.93,2452.1,2708.65,215465.03,537028266.28,2492.41,multiply,BTC,265.65,224.07,264.07,1155310.98,281385850.91,249.86,direct,
2017-12-29,15109.81,13951.08,14398.45,118874.63,1733583750.2,14392.57,direct,,755.2,710.2,716.69,533531.26,392497843.64,739.6,direct,,2861.24,2373.33,2492.37,238241.77,623376083.73,2616.57,multiply,BTC,258.36,236.39,249.84,836578.77,207115905.19,243.13,direct,
2017-12-30,14461.46,11962.09,14392.14,182065.44,2387311023.42,12531.52,direct,,741.67,663.88,739.6,654093.06,455555629.24,692.99,direct,,2634.36,2103.91,2622.42,95886.67,221420859.69,2209.96,direct,,243.42,202.02,243.13,1218741.31,268737310.82,212.07,direct,
2017-12-31,14241.82,12359.43,12532.38,111270.55,1492142483.58,13850.4,direct,,767.31,726.31,690.91,902419.05,668939244.64,741.27,multiply,BTC,2566.48,2367.03,2206.95,215055.0,510531658.12,2373.96,multiply,BTC,235.4,207.95,212.07,841309.91,187138183.8,226.52,direct,
2018-01-01,13921.53,12877.67,13850.49,78425.21,1057521524.42,13444.88,direct,,766.49,718.9,741.69,910875.63,689729274.59,757.22,multiply,BTC,2410.67,2303.11,2373.97,186634.51,432599629.06,2317.9,multiply,BTC,232.26,216.42,226.52,516920.48,115831512.64,224.34,direct,
2018-01-02,15306.13,12934.16,13444.88,137732.17,1956783037.35,14754.13,direct,,882.61,756.17,756.17,1123318.86,949013949.18,861.97,direct,,2916.89,2499.35,2317.9,271690.87,692679585.45,2549.51,multiply,BTC,260.53,224.28,224.34,1278275.25,314730425.65,251.81,direct,
2018-01-03,15435.01,14579.71,14754.09,106543.39,1604206990.04,15156.62,direct,,951.7,847.9,861.97,871172.13,778108786.12,941.1,direct,,2788.82,2558.44,2549.51,235497.53,603219570.86,2561.47,multiply,BTC,256.81,241.11,251.81,851666.05,211596420.85,244.63,direct,
2018-01-04,15408.66,14244.67,15156.49,110968.82,1656714736.62,15180.08,direct,,997.44,901.03,941.0,822844.78,780050914.4,944.83,direct,,2566.95,2343.8,2561.45,205117.51,480755312.61,2343.8,multiply,BTC,244.88,225.59,244.63,880942.78,206659684.03,238.3,direct,
2018-01-05,17126.95,14832.36,15180.08,141960.42,2283988962.92,16954.78,direct,,1165.81,926.75,944.5,1682729.53,1621948065.55,963.88,multiply,BTC,2702.59,2365.19,2343.8,275054.57,656619352.91,2387.23,multiply,BTC,251.56,235.0,238.3,1073887.31,262545479.11,244.51,direct,
2018-01-06,17252.85,16286.57,16954.76,83927.99,1412703790.73,17172.3,direct,,1056.96,958.73,963.88,975679.49,983833688.41,1008.36,multiply,BTC,2763.02,2345.74,2387.23,262172.75,661810039.88,2524.33,multiply,BTC,305.21,243.56,244.51,1820160.48,511915657.4,278.92,direct,
2018-01-07,17184.81,15791.13,17174.5,79006.37,1309532650.11,16228.16,direct,,1117.84,1003.21,1006.41,563476.81,602250144.77,1117.75,direct,,2682.51,2380.67,2526.37,216193.65,547314322.34,2531.59,multiply,BTC,287.27,265.37,278.92,764130.75,212682356.33,271.57,direct,
2018-01-08,16302.92,13902.31,16228.26,142453.96,2166366561.33,14976.17,direct,,1228.25,967.84,1117.75,1137114.56,1292737991.11,1136.11,direct,,2453.1,2306.33,2531.61,232765.3,558795012.28,2400.68,multiply,BTC,273.47,231.21,271.57,1056007.91,270377483.58,254.25,direct,
2018-01-09,15390.28,14221.55,14976.17,99730.65,1486802326.34,14468.5,direct,,1300.3,1133.7,1136.11,812642.22,986697724.1,1289.24,direct,,2391.64,2262.87,2400.68,177570.46,421602142.7,2374.28,multiply,BTC,258.59,237.98,254.24,733760.61,184228877.9,246.04,direct,
2018-01-10,14919.49,13450.54,14468.09,142303.9,2025083791.13,14919.49,direct,,1385.22,1210.85,1289.24,1105070.29,1445484601.88,1248.99,direct,,2944.89,2291.94,2376.68,164422.06,428980394.88,2856.93,direct,,249.31,230.66,246.02,859733.09,207658680.7,249.1,direct,
2018-01-11,14979.96,12825.95,14920.36,173452.27,2373494121.74,13308.06,direct,,1333.92,1100.85,1248.96,1056985.76,1270849838.43,1139.32,direct,,2952.68,2341.77,2856.94,144720.16,370363445.96,2437.92,direct,,252.89,217.85,249.11,1131662.93,262771223.33,226.53,direct,
2018-01-12,14129.08,12851.91,13308.06,102068.02,1402292716.89,13841.19,direct,,1287.06,1087.61,1139.32,581477.09,704750432.94,1261.03,direct,,2661.66,2520.48,2444.69,167129.42,435357424.69,2604.91,multiply,BTC,241.83,219.62,226.53,601578.96,140305335.34,235.35,direct,
2018-01-13,14595.04,13830.28,13841.19,71300.93,1021352776.21,14243.12,direct,,1422.86,1261.01,1261.06,551036.77,744906594.35,1385.02,direct,,2803.05,2587.97,2604.91,144869.99,386681282.18,2669.16,multiply,BTC,262.87,235.3,235.35,713207.86,176341211.15,257.94,direct,
2018-01-14,14415.67,13031.91,14244.12,81536.0,1112590573.36,13638.63,direct,,1389.32,1267.48,1385.02,458696.01,610496132.15,1359.48,direct,,2604.98,2521.78,2669.35,149501.35,377417714.83,2524.51,multiply,BTC,268.81,231.43,257.94,766737.16,189083699.89,236.86,direct,
2018-01-15,14355.82,13416.71,13638.63,84089.84,1170462750.59,13631.98,direct,,1381.35,1271.07,1359.38,407230.97,537797572.32,1278.69,direct,,2534.19,2243.82,2524.51,196934.23,472221752.95,2397.87,multiply,BTC,244.4,230.79,236.86,466142.48,110848991.11,231.89,direct,
2018-01-16,13648.84,10032.69,13634.6,325702.79,3842651741.45,11282.49,direct,,1282.27,864.23,1278.7,1818512.61,1931700742.0,1050.26,direct,,2411.97,1525.13,2394.02,211689.81,413640550.4,1761.61,direct,,232.4,147.78,231.89,2444227.94,473245937.42,183.86,direct,
2018-01-17,11736.3,9205.38,11282.49,348631.94,3666978316.26,11162.7,direct,,1115.66,764.75,1050.26,2196783.74,2034010888.99,1024.69,direct,,1903.53,1342.05,1760.95,168430.05,275433374.11,1748.8,direct,,204.56,136.45,183.7,2667358.04,458374670.48,188.21,direct,
2018-01-18,12018.43,10642.33,11162.7,204918.02,2357251805.09,11175.52,direct,,1093.9,949.56,1024.9,1080431.79,1117430433.28,1012.97,direct,,1835.02,1703.15,1754.78,221087.92,378522342.67,1712.09,multiply,BTC,208.37,175.46,188.14,1421991.47,274884322.56,191.03,direct,
2018-01-19,11780.49,10867.18,11175.52,110885.87,1264875700.45,11521.76,direct,,1083.62,982.62,1012.97,501080.74,517599347.75,1037.36,direct,,1883.81,1759.37,1712.09,154548.95,272799549.44,1765.13,multiply,BTC,201.25,185.78,191.03,689881.36,132586901.46,192.27,direct,
2018-01-20,13031.04,11502.11,11521.82,119084.84,1492721765.44,12783.94,direct,,1164.62,1036.82,1037.36,489743.73,545646401.81,1150.5,direct,,2114.46,1880.52,1765.14,211927.92,429148972.08,2024.98,multiply,BTC,214.72,192.26,192.27,651689.96,133356395.48,210.68,direct,
2018-01-21,12787.35,11101.73,12783.54,130427.64,1552755289.93,11549.93,direct,,1150.57,1008.06,1150.5,508184.08,543760385.27,1049.09,direct,,1838.75,1725.56,2024.91,142913.13,254363107.39,1779.84,multiply,BTC,210.81,182.88,210.68,611724.98,118925936.69,190.73,direct,
2018-01-22,11913.74,10067.76,11549.98,165723.08,1811992345.95,10814.52,direct,,1084.28,917.0,1049.09,681092.91,676845706.25,999.64,direct,,1676.25,1588.65,1779.85,157728.63,253987578.19,1610.28,multiply,BTC,194.34,165.42,190.72,795014.67,141918011.1,179.42,direct,
2018-01-23,11388.52,9980.5,10814.52,158868.59,1710180828.64,10858.23,direct,,1020.66,908.31,999.75,678043.45,660805261.99,984.47,direct,,1652.62,1600.5,1610.28,121450.62,196623949.95,1618.96,multiply,BTC,186.11,164.76,179.42,678138.3,119223032.27,177.92,direct,
2018-01-24,11531.6,10506.55,10853.78,115804.82,1286435482.05,11429.02,direct,,1062.6,956.97,984.48,514521.75,521553676.55,1061.78,direct,,1712.07,1658.35,1618.3,131760.63,218655935.92,1659.49,multiply,BTC,184.7,172.42,177.91,482992.17,86367198.84,180.59,direct,
2018-01-25,11741.92,10930.34,11428.11,93317.76,1061064251.44,11175.87,direct,,1102.42,1022.2,1061.61,535509.16,568607934.27,1046.37,direct,,1659.62,1609.33,1659.36,115262.38,188586239.67,1636.15,multiply,BTC,184.69,175.21,180.59,408877.4,73767401.29,178.97,direct,
2018-01-26,11656.54,10346.86,11175.87,142350.84,1560135332.27,11104.2,direct,,1075.59,987.13,1046.37,492824.14,509049582.65,1048.58,direct,,1634.54,1583.46,1636.15,156356.11,249493307.54,1595.67,multiply,BTC,182.15,165.76,178.93,487682.21,84960279.65,175.65,direct,
2018-01-27,11638.69,10879.2,11104.34,90873.81,1031091633.68,11459.71,direct,,1121.9,1033.86,1048.58,365750.18,395059716.61,1109.08,direct,,1665.1,1628.42,1595.69,135850.89,222312725.42,1636.45,multiply,BTC,182.92,173.88,175.65,380203.96,68085098.56,180.71,direct,
2018-01-28,12064.19,11407.94,11460.39,87917.22,1038153169.8,11767.74,direct,,1240.47,1101.62,1109.08,557486.08,662174309.95,1231.58,direct,,1758.1,1676.9,1636.54,143576.09,251745348.5,1753.39,multiply,BTC,194.48,180.29,180.71,435381.16,81443118.1,193.23,direct,
2018-01-29,11860.29,11089.52,11767.74,80713.7,920836244.04,11233.95,direct,,1240.32,1151.53,1231.57,436893.27,515965244.78,1169.96,direct,,1680.6,1649.14,1752.22,85955.22,141945646.63,1651.39,multiply,BTC,193.42,177.37,193.23,403178.2,73715876.66,180.45,direct,
2018-01-30,11263.7,9871.21,11234.32,164072.93,1720894077.2,10107.26,direct,,1173.18,1034.72,1169.94,757521.14,835962532.22,1063.75,direct,,1526.2,1463.53,1651.45,142777.49,210113789.5,1471.62,multiply,BTC,180.61,159.77,180.45,749016.9,126940449.8,165.38,direct,
2018-01-31,10377.96,9698.13,10107.4,122260.49,1230902973.11,10226.86,direct,,1122.98,1020.77,1063.77,510759.59,550605628.52,1111.31,direct,,1521.76,1475.74,1471.64,145598.03,216948854.49,1490.05,multiply,BTC,166.86,156.37,165.36,573000.11,92416470.16,162.93,direct,
2018-02-01,10280.84,8726.95,10226.86,208918.8,1964308989.29,9114.72,direct,,1155.58,954.75,1111.29,970470.71,1033001644.78,1026.19,direct,,1338.95,1249.63,1490.05,179801.54,228290508.49,1269.68,multiply,BTC,165.71,127.75,162.93,1223518.75,177798590.66,141.37,direct,
2018-02-02,9147.93,7786.2,9114.73,322596.22,2768759876.15,8870.82,direct,,1027.66,746.67,1026.19,1783823.6,1606436956.8,917.47,direct,,1269.81,968.68,1267.99,125569.3,143714769.61,1192.13,direct,,142.0,102.51,141.36,2110261.36,264489437.71,131.17,direct,
2018-02-03,9504.37,8194.68,8872.87,139226.07,1253484523.4,9251.27,direct,,997.6,845.18,917.47,591555.32,552868551.93,970.87,direct,,1291.48,1197.11,1194.29,143421.43,183633323.58,1280.38,multiply,BTC,166.33,120.41,131.17,1506854.19,220733569.6,161.0,direct,
2018-02-04,9400.99,7889.83,9251.27,164609.06,1413207410.82,8218.05,direct,,971.05,781.36,970.87,766994.32,666593264.45,827.59,direct,,1158.75,1089.71,1280.38,165240.72,191200275.06,1157.1,multiply,BTC,174.66,136.96,161.0,2240983.28,348903981.9,147.55,direct,
2018-02-05,8391.29,6627.31,8218.05,341828.54,2534149181.03,6937.08,direct,,857.82,629.08,826.34,1747376.34,1272929187.15,695.08,direct,,1175.17,827.38,1158.63,110686.53,106539840.76,884.0,direct,,153.9,114.72,147.55,2460919.58,328173135.99,125.04,direct,
2018-02-06,7932.38,5968.36,6936.43,495883.24,3397596513.74,7701.25,direct,,801.73,564.19,695.05,2312291.59,1556542861.3,785.01,direct,,977.59,758.43,884.28,171195.13,148384673.61,966.79,direct,,147.26,105.5,125.02,3195103.97,397024992.7,141.85,direct,
2018-02-07,8572.68,7208.86,7701.25,271450.37,2159765331.36,7592.72,direct,,858.28,718.28,785.16,1124767.44,895500139.13,751.81,direct,,975.66,916.44,967.28,370415.72,353245333.4,953.65,multiply,BTC,159.11,130.74,141.85,1732911.13,252715544.76,137.84,direct,
2018-02-08,8643.94,7590.48,7593.78,193040.33,1594673973.51,8260.69,direct,,844.86,750.02,751.86,632557.69,510550202.1,813.55,direct,,1348.97,1016.06,956.06,580100.71,742285777.57,1279.58,multiply,BTC,151.34,142.99,137.98,2047165.5,307441972.26,150.18,multiply,BTC
2018-02-09,8743.2,7775.36,8259.26,162279.68,1348072086.15,8696.83,direct,,880.22,781.5,813.55,561205.79,469210004.25,877.88,direct,,1403.67,1293.22,1279.36,326944.19,425085016.97,1300.18,multiply,BTC,164.24,142.14,149.54,970773.63,148089557.46,163.9,direct,
2018-02-10,9081.49,8176.25,8696.83,155616.78,1348923336.33,8569.29,direct,,909.32,816.09,877.66,520877.94,451412405.8,850.75,direct,,1319.67,1231.41,1300.18,203503.82,253211847.85,1244.26,multiply,BTC,169.32,147.97,163.92,1107595.53,176947228.51,154.91,direct,
2018-02-11,8573.35,7862.31,8569.32,123293.84,1013771945.88,8084.61,direct,,853.74,780.13,850.99,376738.95,308313754.16,811.24,direct,,1246.65,1173.08,1243.41,180835.58,218712976.71,1209.46,multiply,BTC,155.86,141.8,154.91,622934.4,93014379.99,149.06,direct,
2018-02-12,8997.34,8084.41,8084.61,124923.98,1085921871.17,8911.27,direct,,874.85,811.09,811.17,352040.84,300521830.64,865.27,direct,,1334.91,1279.66,1209.46,137607.83,176704141.98,1284.11,multiply,BTC,163.3,149.03,149.06,654870.23,103639383.04,161.4,direct,
2018-02-13,8955.15,8379.35,8911.17,98632.88,853320352.71,8544.69,direct,,867.6,823.77,865.28,304130.99,256092877.9,840.98,direct,,1249.23,1205.66,1284.1,121889.53,149039830.3,1222.75,multiply,BTC,159.7,154.66,162.01,902357.19,143798259.84,159.36,multiply,BTC
2018-02-14,9508.22,8542.98,8544.69,133702.54,1220863360.18,9485.64,direct,,922.37,840.87,840.99,529918.98,470132510.11,920.11,direct,,1415.26,1318.5,1222.75,133550.38,181407310.36,1358.34,multiply,BTC,217.42,159.05,159.05,3012197.74,583527603.98,212.01,direct,
2018-02-15,10223.58,9363.38,9485.64,168776.78,1666668487.88,10033.75,direct,,947.53,905.65,920.11,489358.4,454133646.5,927.95,direct,,1392.66,1310.22,1353.19,60927.45,82442472.88,1359.47,direct,,237.15,206.77,212.01,2256362.19,503035315.29,221.08,direct,
2018-02-16,10303.14,9720.38,10033.75,105556.67,1061827697.26,10188.73,direct,,945.36,909.41,927.95,304038.76,282763877.2,938.02,direct,,1547.53,1355.45,1359.47,93378.64,138109049.14,1530.44,direct,,234.83,210.25,221.08,1279720.76,285095066.0,228.39,direct,
2018-02-17,11119.45,10074.07,10188.73,123660.48,1327921168.02,11097.21,direct,,974.83,934.95,937.92,287733.8,276682460.01,974.77,direct,,1675.68,1541.4,1529.33,136176.21,210506816.71,1545.84,multiply,BTC,232.71,224.11,228.39,596952.88,136508884.87,229.41,direct,
2018-02-18,11288.34,10161.01,11097.21,154431.22,1659704217.34,10417.23,direct,,981.48,905.96,974.78,399661.16,375068724.24,913.9,direct,,1528.21,1433.41,1545.84,164448.02,238633833.64,1451.12,multiply,BTC,231.97,211.9,229.43,998902.69,221587127.59,214.22,direct,
2018-02-19,11265.96,10336.32,10418.12,108244.29,1186535653.61,11182.28,direct,,955.62,911.6,913.9,233504.11,218921662.11,939.79,direct,,1597.95,1527.5,1451.24,140645.87,214993762.94,1528.62,multiply,BTC,226.21,213.51,214.16,562650.83,124644378.78,221.97,direct,
2018-02-20,11802.23,11130.95,11182.28,142449.23,1640343867.77,11256.43,direct,,958.86,877.28,939.79,372375.38,344672330.06,885.52,direct,,1552.26,1395.8,1528.62,253137.38,353613418.92,1396.92,multiply,BTC,252.2,221.39,221.97,1875180.98,448688720.76,229.38,direct,
2018-02-21,11295.58,10256.21,11256.78,183274.25,1982721124.63,10481.66,direct,,906.56,818.12,885.52,517644.69,445950029.99,840.1,direct,,1407.46,1269.28,1393.76,77156.39,103151392.56,1287.06,direct,,231.7,204.81,229.43,1495364.41,324317151.0,210.26,direct,
2018-02-22,10941.57,9757.19,10481.66,175506.26,1795951829.82,9847.96,direct,,871.32,788.92,840.19,441363.7,362800754.34,804.63,direct,,1214.25,1179.79,1288.2,119788.95,144392438.86,1205.39,multiply,BTC,221.44,188.81,210.26,1334620.63,269393148.66,192.91,direct,
2018-02-23,10420.67,9604.0,9847.96,139373.76,1399448203.16,10175.51,direct,,882.42,787.97,804.61,403614.67,340134173.18,854.7,direct,,1299.41,1213.94,1205.39,122825.81,154602147.4,1258.71,multiply,BTC,215.84,182.37,192.91,1272166.15,253168167.29,206.6,direct,
2018-02-24,10528.0,9396.54,10175.51,125269.68,1244484468.57,9705.73,direct,,874.72,810.64,854.7,305237.13,255866976.42,833.49,direct,,1209.33,1156.92,1258.71,116510.38,137620585.95,1181.19,multiply,BTC,218.45,194.86,206.6,1005421.79,206867570.89,206.35,direct,
2018-02-25,9873.79,9329.44,9705.73,82430.45,793093192.66,9610.11,direct,,849.52,818.55,833.49,204987.54,171228507.8,840.28,direct,,1189.73,1157.06,1181.19,110352.29,129486762.53,1173.39,multiply,BTC,223.1,200.06,206.38,959496.53,202904391.4,218.31,direct,
2018-02-26,10457.51,9411.82,9610.11,117416.47,1181729273.47,10326.5,direct,,880.12,834.06,840.28,287223.68,247282448.05,867.62,direct,,1280.49,1240.21,1173.39,120866.22,150399065.01,1244.34,multiply,BTC,231.6,214.74,218.52,1268149.53,283282159.15,218.62,direct,
2018-02-27,10879.38,10154.24,10326.5,99772.39,1060840699.02,10594.76,direct,,904.05,865.91,868.77,458760.68,399626963.81,871.1,multiply,BTC,1287.26,1230.05,1244.34,111918.17,137902277.34,1232.17,multiply,BTC,223.21,212.13,218.62,670062.75,145775086.01,215.15,direct,
2018-02-28,11067.76,10303.14,10594.76,105434.79,1126074675.67,10334.44,direct,,867.06,828.51,871.1,467629.5,399035131.55,853.31,multiply,BTC,1205.0,1180.19,1232.17,105965.77,127031239.49,1198.8,multiply,BTC,223.61,201.59,215.15,723860.2,153831817.48,202.14,direct,
2018-03-01,11090.3,10247.56,10334.44,88432.44,952472120.03,10929.37,direct,,905.94,868.12,853.31,422715.28,368630733.52,872.05,multiply,BTC,1336.66,1265.62,1198.8,117664.17,150461444.21,1278.74,multiply,BTC,214.68,200.47,202.14,535731.03,111779752.45,209.32,direct,
2018-03-02,11191.94,10801.45,10929.37,77195.49,852908489.64,11043.12,direct,,881.35,853.3,871.73,465100.32,398617272.5,857.06,multiply,BTC,1298.67,1269.96,1280.92,114940.36,146350311.71,1273.27,multiply,BTC,213.42,204.5,209.31,404886.1,84393296.12,212.59,direct,
2018-03-03,11530.66,11043.12,11043.12,71279.36,812200126.22,11465.36,direct,,890.74,855.89,857.06,447097.83,382666170.06,855.89,multiply,BTC,1324.25,1265.78,1273.27,103550.49,131427871.62,1269.22,multiply,BTC,217.99,209.03,212.61,526099.47,112747585.28,210.29,direct,
2018-03-04,11539.79,11084.01,11465.36,61016.39,690727335.55,11504.42,direct,,891.25,858.34,855.89,384392.02,333345981.96,867.2,multiply,BTC,1290.8,1267.79,1269.22,92044.44,118175237.24,1283.89,multiply,BTC,216.05,210.76,210.16,660252.88,141206413.48,213.87,multiply,BTC
2018-03-05,11694.15,11431.55,11503.94,68323.51,791471905.1,11440.73,direct,,865.15,838.49,867.17,424359.91,358832100.49,845.58,multiply,BTC,1291.66,1253.9,1283.84,84714.24,106514282.89,1257.34,multiply,BTC,215.66,207.65,213.86,697419.57,146254868.32,209.71,multiply,BTC
2018-03-06,11441.65,10589.28,11440.33,109876.55,1210081181.36,10735.45,direct,,819.97,789.7,845.21,482448.32,393264235.1,815.14,multiply,BTC,1209.89,1177.68,1257.29,115365.05,138835370.89,1203.44,multiply,BTC,210.81,191.7,210.8,677083.14,136364561.14,196.58,direct,
2018-03-07,10913.7,9470.73,10735.45,183060.08,1858869115.0,9928.56,direct,,825.32,726.38,815.65,463880.38,354361800.99,751.13,direct,,1116.96,1069.31,1203.44,131179.46,143266545.33,1092.14,multiply,BTC,199.47,174.32,196.58,1057758.38,196927717.88,186.04,direct,
2018-03-08,10119.21,9086.85,9928.56,154879.22,1492236089.97,9316.72,direct,,772.51,688.84,751.13,397145.73,289838564.8,698.83,direct,,1043.47,1004.34,1092.14,128395.47,132541690.47,1032.29,multiply,BTC,188.18,174.69,186.05,687998.65,124496969.68,175.82,direct,
2018-03-09,9433.38,8393.45,9316.77,233598.15,2081621422.7,9252.76,direct,,730.46,642.06,698.83,599327.0,409323870.51,726.92,direct,,1076.21,926.69,1033.96,76018.18,74990482.15,1065.69,direct,,189.98,158.82,175.82,1433662.06,248799371.6,186.38,direct,
2018-03-10,9518.62,8727.43,9252.76,117409.38,1084925795.69,8797.27,direct,,747.82,678.65,726.76,283137.95,203802606.28,682.3,direct,,1011.69,980.9,1062.22,110157.72,110379032.7,1002.01,multiply,BTC,194.73,175.55,186.38,675927.93,125536991.93,177.3,direct,
2018-03-11,9735.64,8484.32,8797.27,149877.66,1374814644.2,9544.84,direct,,735.01,663.58,682.3,293925.85,206098889.64,720.36,direct,,1163.52,1082.38,1002.01,139217.55,158792704.17,1140.61,multiply,BTC,193.19,171.6,177.3,709486.34,130493862.2,188.39,direct,
2018-03-12,9907.41,8796.52,9543.98,152959.8,1435404200.39,9142.15,direct,,739.87,678.13,720.37,293711.48,208107856.0,697.02,direct,,1092.49,1031.23,1140.51,120170.69,126231262.61,1050.43,multiply,BTC,193.04,174.64,188.38,672197.12,123163748.35,177.85,direct,
2018-03-13,9486.12,8856.65,9142.27,133768.47,1228556284.3,9160.12,direct,,714.19,679.19,697.0,281269.14,194913670.75,689.96,direct,,1099.83,994.61,1051.06,70300.42,73859997.65,1053.55,direct,,181.94,171.33,177.85,555859.73,97844283.82,175.47,direct,
2018-03-14,9360.66,7966.94,9160.12,161775.05,1385572511.72,8217.7,direct,,703.38,586.7,689.96,512459.31,325415119.18,613.15,direct,,972.98,931.07,1054.33,131287.75,124071584.47,945.04,multiply,BTC,178.04,157.79,175.47,706506.68,116916175.42,160.77,direct,
2018-03-15,8432.12,7698.47,8216.22,187365.71,1519850464.55,8268.41,direct,,620.43,572.11,613.15,571770.63,342311699.48,610.56,direct,,952.52,923.58,944.87,118599.88,111694034.21,941.77,multiply,BTC,167.81,150.3,160.77,950156.53,152065919.9,164.28,direct,
2018-03-16,8616.63,7924.11,8267.95,129688.11,1082790136.53,8283.23,direct,,626.13,585.16,610.66,363025.84,221082941.44,600.53,direct,,1027.12,921.1,941.72,149509.51,145638387.04,974.11,multiply,BTC,172.02,158.56,164.28,589106.18,97457804.99,164.95,direct,
2018-03-17,8360.64,7765.41,8283.23,111641.32,901939422.97,7883.45,direct,,609.94,543.28,600.53,363384.63,208843294.98,549.79,direct,,978.34,919.21,974.11,136064.89,128933823.0,947.59,multiply,BTC,165.62,151.01,164.95,557327.8,87970243.09,152.65,direct,
2018-03-18,8299.86,7318.46,7882.67,198796.34,1535519444.95,8215.4,direct,,559.93,454.18,549.79,1438992.5,719812876.35,537.38,direct,,991.6,929.98,947.5,127636.01,119328503.75,934.91,multiply,BTC,157.44,137.51,152.65,1135098.02,166006029.57,153.94,direct,
2018-03-19,8725.6,8129.66,8215.5,171829.52,1447812723.08,8623.14,direct,,559.07,515.84,537.38,775671.57,418500605.22,555.55,direct,,1000.07,912.28,936.28,61104.15,58729088.37,994.67,direct,,163.91,151.02,153.94,801372.26,125855703.46,161.51,direct,
2018-03-20,9056.23,8339.8,8623.14,131959.66,1150462439.42,8920.71,direct,,567.0,516.78,555.55,607853.22,331343470.55,557.57,direct,,1081.19,1017.85,994.25,132508.73,140666562.38,1061.56,multiply,BTC,173.8,155.79,161.51,689660.21,113739250.11,169.09,direct,
2018-03-21,9184.51,8778.69,8920.53,109985.22,991376396.96,8911.35,direct,,590.2,545.48,557.57,488509.24,277714049.38,559.91,direct,,1063.12,1021.24,1061.54,99266.94,102436963.22,1031.93,multiply,BTC,175.41,165.51,169.09,589180.05,100728004.76,168.71,direct,
2018-03-22,9107.0,8500.88,8911.37,116522.98,1023286566.15,8724.98,direct,,578.01,516.22,559.91,431953.84,233985932.96,539.89,direct,,1065.19,987.44,1031.75,37921.37,38596693.88,1015.19,direct,,172.53,160.17,168.74,514546.99,85077161.93,163.93,direct,
2018-03-23,8935.88,8307.58,8724.98,109649.39,939997284.45,8934.8,direct,,543.84,506.79,539.89,432407.55,225200086.3,543.83,direct,,1048.05,1024.82,1012.97,68997.59,71203401.55,1031.97,multiply,BTC,169.04,157.05,163.92,461200.91,74392970.56,168.85,direct,
2018-03-24,9036.23,8515.53,8935.51,93296.24,827663165.33,8548.06,direct,,546.01,519.51,543.84,241529.67,129350391.02,520.16,direct,,990.72,968.5,1032.05,58970.89,57516293.15,975.33,multiply,BTC,169.69,158.41,168.85,376763.43,62032422.79,159.05,direct,
2018-03-25,8690.36,8395.85,8548.39,76775.64,657643520.26,8472.84,direct,,535.77,513.63,520.17,213514.32,111462284.91,523.01,direct,,978.61,964.21,974.52,61756.1,60016723.88,971.83,multiply,BTC,163.22,157.61,159.05,281227.7,45066192.6,160.31,direct,
2018-03-26,8521.04,7869.27,8472.56,131859.97,1079038734.78,8152.2,direct,,526.2,467.48,522.97,567723.19,278656813.48,486.25,direct,,939.13,907.34,971.8,124840.14,113984840.4,913.05,multiply,BTC,160.96,142.09,160.31,761859.57,113770581.7,148.28,direct,
2018-03-27,8226.24,7752.3,8152.18,116523.1,930754990.52,7808.48,direct,,491.92,446.42,486.14,712309.54,328179170.99,448.78,direct,,903.44,869.08,913.04,115982.77,101613833.5,876.11,multiply,BTC,149.33,134.75,148.28,711462.72,100360248.03,134.88,direct,
2018-03-28,8117.79,7752.6,7808.42,82590.62,657712114.92,7959.78,direct,,465.2,440.35,448.78,415739.15,187271233.18,445.93,direct,,902.64,856.47,876.1,130247.58,112175493.31,861.25,multiply,BTC,139.79,130.24,134.86,549891.26,73816273.85,131.66,direct,
2018-03-29,7983.77,6927.11,7959.78,185805.88,1379180030.3,7106.62,direct,,448.5,380.35,445.93,1162700.51,472575968.96,383.9,direct,,869.29,696.55,861.16,111162.53,84465419.21,711.13,direct,,132.52,112.65,131.66,1328515.78,159535092.24,114.66,direct,
2018-03-30,7280.27,6595.26,7106.62,229837.79,1584675343.21,6853.76,direct,,411.17,364.99,383.96,1174101.99,450253373.58,393.82,direct,,772.11,675.11,711.13,93871.58,66701444.54,696.93,direct,,126.57,109.61,114.66,1216446.41,142506855.93,118.49,direct,
2018-03-31,7228.4,6806.34,6853.75,129526.48,915400590.57,6943.77,direct,,421.05,389.99,393.83,602304.03,243062846.9,394.07,direct,,719.37,681.18,696.34,134917.01,92324861.26,684.31,multiply,BTC,125.21,115.68,118.49,574385.25,69205423.19,116.32,direct,
2018-04-01,7056.22,6463.54,6943.77,131344.01,889887684.72,6835.84,direct,,399.59,359.22,394.07,626777.44,236013242.51,378.85,direct,,684.27,643.73,684.17,163361.84,105350930.87,644.89,multiply,BTC,118.37,110.03,116.32,542812.69,61953932.36,115.11,direct,
2018-04-02,8218.66,6792.3,6835.58,106513.22,748861435.14,7074.6,direct,,394.12,375.8,378.85,406593.03,156793473.63,384.68,direct,,683.26,661.76,644.94,145266.43,96398436.88,663.6,multiply,BTC,121.72,114.41,115.11,464495.42,55199053.21,119.26,direct,
2018-04-03,7528.97,7039.88,7074.65,122807.02,905326798.64,7434.3,direct,,426.84,380.71,384.68,556809.37,223508235.85,415.93,direct,,724.84,693.99,663.6,142027.57,100888910.11,710.35,multiply,BTC,137.4,118.47,119.26,735594.82,94696369.91,134.23,direct,
2018-04-04,7442.42,6727.09,7434.3,123910.33,877199782.17,6815.5,direct,,417.11,370.66,415.93,575977.98,223170178.92,378.65,direct,,654.42,636.5,710.35,142077.55,92194655.7,648.9,multiply,BTC,134.93,115.58,134.23,914247.67,111839267.2,118.36,direct,
2018-04-05,6933.66,6602.38,6815.5,114426.84,777145174.76,6790.45,direct,,387.56,367.15,378.65,424333.64,160332018.27,381.36,direct,,652.63,631.31,648.84,122139.4,78500957.91,642.72,multiply,BTC,122.69,113.89,118.36,631240.26,74831516.09,118.76,direct,
2018-04-06,6869.53,6526.67,6790.45,90749.16,605651287.47,6634.86,direct,,385.78,363.51,381.43,360272.94,133748822.09,370.35,direct,,628.25,606.49,642.78,122967.78,75133837.1,611.0,multiply,BTC,120.47,112.12,118.76,447353.25,51417781.31,113.18,direct,
2018-04-07,7083.85,6624.47,6634.86,81312.77,564883141.53,6917.2,direct,,397.1,369.66,370.35,281003.74,108165642.16,384.98,direct,,644.61,631.47,611.0,143700.91,92114715.3,641.02,multiply,BTC,119.85,112.97,113.19,412014.22,48395805.69,116.2,direct,
2018-04-08,7132.03,6911.02,6917.2,60386.23,425825572.09,7049.92,direct,,404.22,384.98,384.98,272088.6,107956653.97,400.72,direct,,658.82,652.61,640.95,120202.78,78903274.6,656.42,multiply,BTC,118.65,115.58,116.2,303794.67,35572589.05,117.87,direct,
2018-04-09,7204.28,6633.69,7049.92,130534.03,901883664.92,6789.53,direct,,431.23,387.98,400.72,669097.01,271803047.82,399.02,direct,,649.15,631.77,656.42,123243.57,78706202.04,638.62,multiply,BTC,123.21,112.95,117.88,620233.27,72718908.24,115.02,direct,
2018-04-10,6922.84,6676.72,6789.53,62035.53,424510977.27,6871.07,direct,,418.27,391.84,399.02,320480.46,129335600.11,415.65,direct,,657.42,645.06,638.62,103410.6,67480123.53,652.55,multiply,BTC,115.46,111.79,115.02,370482.87,42165656.22,114.41,direct,
2018-04-11,6999.37,6839.16,6871.07,64802.3,450141340.22,6977.13,direct,,433.44,410.97,415.65,398311.12,167561896.24,430.42,direct,,670.57,655.15,652.55,115112.94,77191510.29,670.57,multiply,BTC,119.93,113.3,114.41,381933.5,44183675.7,118.4,direct,
2018-04-12,8051.95,6791.33,6977.04,197276.82,1490759969.77,7927.73,direct,,498.08,414.03,430.39,985900.0,450834363.9,493.95,direct,,740.82,658.67,670.06,84689.75,59525564.71,737.84,direct,,130.91,113.27,118.32,1443755.65,175105506.77,129.71,direct,
2018-04-13,8237.16,7758.8,7927.73,145665.26,1171435820.59,7899.11,direct,,528.95,482.1,493.95,930496.63,470945268.74,494.96,direct,,762.19,733.59,737.2,136521.54,101391042.19,742.67,multiply,BTC,133.67,124.07,129.71,1032414.15,133115960.25,125.57,direct,
2018-04-14,8195.34,7841.19,7898.74,66678.63,537286381.88,8022.51,direct,,514.66,487.72,494.96,381076.96,191073028.98,502.79,direct,,754.76,732.21,742.64,86443.72,64009644.63,740.48,multiply,BTC,129.76,124.43,125.57,357701.97,45425829.14,126.53,direct,
2018-04-15,8437.03,8021.04,8022.51,68822.07,570527804.56,8376.73,direct,,534.31,502.79,502.79,469221.99,243926045.87,534.15,direct,,792.1,769.91,740.48,126006.74,98955416.17,785.32,multiply,BTC,132.92,126.53,126.55,420816.43,54928885.16,132.7,direct,
2018-04-16,8430.93,7929.24,8376.73,87681.75,713471956.84,8079.77,direct,,537.48,499.17,534.16,487480.43,249996040.92,511.67,direct,,773.15,754.0,785.4,152574.18,117248210.89,768.47,multiply,BTC,133.39,125.28,132.71,473258.36,60722721.4,128.84,direct,
2018-04-17,8187.6,7858.12,8079.77,71933.6,580880500.84,7921.63,direct,,522.07,500.48,511.67,382492.24,195195626.75,503.03,direct,,764.04,749.23,768.47,146675.48,111473538.2,760.0,multiply,BTC,140.41,128.81,128.84,849291.84,114879247.1,132.34,direct,
2018-04-18,8246.57,7908.92,7921.65,73050.12,593500791.64,8189.96,direct,,526.61,501.7,503.03,347025.84,178681435.05,525.78,direct,,895.16,784.02,760.0,221146.38,196513030.69,888.61,multiply,BTC,141.68,132.23,132.34,535746.3,73579068.98,140.48,direct,
2018-04-19,8321.01,8136.42,8189.92,72820.98,602099034.89,8301.82,direct,,570.18,521.83,525.78,490680.13,267530654.45,567.25,direct,,991.24,888.29,888.61,203824.25,198484765.18,973.8,multiply,BTC,147.72,138.99,140.49,582632.53,83357914.54,146.58,direct,
2018-04-20,8945.14,8243.49,8301.82,114730.74,979994921.45,8877.08,direct,,622.14,557.98,567.25,699889.46,410498449.5,617.16,direct,,1151.3,943.09,966.63,144807.61,154352797.77,1124.67,direct,,156.56,143.45,146.58,729817.95,109540332.8,155.73,direct,
2018-04-21,9047.82,8631.18,8877.15,93635.24,829073400.66,8935.72,direct,,625.15,576.09,617.17,488613.74,294264369.95,605.17,direct,,1188.67,1017.6,1125.29,138996.4,154795305.47,1154.45,direct,,157.08,141.09,155.73,717991.62,106943733.53,148.5,direct,
2018-04-22,9043.98,8788.44,8935.85,68212.83,610183093.43,8823.36,direct,,644.29,591.81,605.17,433216.48,270504773.22,621.33,direct,,1260.13,1110.28,1154.45,120249.99,144092452.68,1195.64,direct,,153.18,145.0,148.5,391049.82,58383011.16,146.67,direct,
2018-04-23,9025.73,8804.2,8823.46,61895.95,553892335.42,8968.25,direct,,648.41,619.57,621.33,373097.03,238556831.22,644.13,direct,,1457.29,1193.33,1195.64,226026.87,309318983.37,1440.95,direct,,153.52,146.48,146.67,424096.6,63992360.9,152.64,direct,
2018-04-24,9741.91,8957.68,8967.86,136352.05,1276464750.74,9655.77,direct,,711.64,644.06,644.13,780339.81,538337384.08,703.35,direct,,1569.35,1391.21,1440.95,246119.9,366818528.51,1407.55,direct,,165.98,152.61,152.64,963993.5,155649983.85,164.69,direct,
2018-04-25,9765.23,8757.06,9657.69,192797.41,1779806222.98,8873.62,direct,,703.9,592.59,703.4,1413475.83,903686072.96,617.73,direct,,1438.2,1226.87,1407.56,289587.91,381199575.56,1289.86,direct,,164.88,140.67,164.69,1182590.17,178366490.3,144.99,direct,
2018-04-26,9315.13,8669.38,8873.57,111690.32,997427934.62,9282.12,direct,,665.97,600.35,617.62,616943.15,387845424.34,661.45,direct,,1425.93,1244.39,1289.86,130722.16,174556815.17,1421.87,direct,,154.58,142.28,145.0,508409.64,74752098.95,153.22,direct,
2018-04-27,9385.87,8923.48,9289.01,82025.4,758182407.35,8938.47,direct,,686.05,640.74,661.41,486769.09,323944620.57,643.33,direct,,1423.32,1327.82,1421.25,91531.02,127133720.06,1331.97,direct,,153.68,145.35,153.19,510508.87,76713116.93,145.87,direct,
2018-04-28,9435.9,8892.52,8938.47,83347.1,774111704.68,9351.47,direct,,693.47,640.09,643.12,351860.75,238423753.67,683.02,direct,,1412.07,1393.37,1333.62,142387.72,198531792.75,1394.3,multiply,BTC,153.19,145.07,145.87,339508.75,51094847.77,151.96,direct,
2018-04-29,9552.67,9189.07,9349.94,68227.03,640931911.37,9407.04,direct,,698.95,665.28,683.02,317205.24,216606354.66,689.31,direct,,1461.85,1401.65,1394.08,177789.51,255888373.92,1439.28,multiply,BTC,156.4,148.16,151.96,356947.0,54397059.36,153.43,direct,
2018-04-30,9459.81,9133.6,9407.35,61631.36,574099218.21,9248.45,direct,,693.63,663.28,689.31,364715.76,248315675.69,670.04,direct,,1415.94,1342.87,1439.32,157871.42,212877613.22,1348.42,multiply,BTC,151.58,147.98,153.43,622592.57,92358580.71,148.35,multiply,BTC
2018-05-01,9251.66,8851.1,9248.25,74147.8,669555436.99,9077.28,direct,,674.62,628.29,670.04,544527.28,355270695.23,670.81,direct,,1355.24,1266.28,1348.39,157108.25,212776443.87,1354.33,multiply,BTC,148.72,142.97,148.27,420520.26,61164623.13,147.99,direct,
2018-05-02,9271.62,8993.82,9077.28,57618.44,527488395.49,9232.19,direct,,690.86,662.13,670.81,376872.81,255558720.87,686.74,direct,,1500.23,1361.75,1354.33,206154.93,300524988.2,1457.76,multiply,BTC,153.44,148.55,148.05,716512.91,108618026.16,151.59,multiply,BTC
2018-05-03,9817.19,9172.28,9232.19,90631.98,857646889.15,9745.04,direct,,787.57,685.92,686.74,798057.17,588164727.16,777.62,direct,,1619.63,1488.07,1457.76,226797.55,342794450.6,1511.46,multiply,BTC,164.02,150.7,151.21,698541.83,110154634.4,161.22,direct,
2018-05-04,9785.15,9547.21,9746.26,68689.75,663887678.35,9699.61,direct,,804.63,759.67,777.78,546215.76,427563922.79,784.21,direct,,1531.57,1475.31,1511.64,180510.95,273663453.0,1516.05,multiply,BTC,171.39,157.58,161.22,617595.87,101035488.43,168.73,direct,
2018-05-05,9968.85,9687.09,9700.37,68875.75,679872376.4,9845.9,direct,,827.44,780.08,784.19,389912.01,315600160.75,816.58,direct,,1753.55,1530.05,1516.17,258128.89,452643151.5,1753.55,multiply,BTC,181.66,170.33,168.98,1429808.04,255088775.3,178.41,multiply,BTC
2018-05-06,9936.96,9441.93,9846.44,62904.49,608650204.19,9644.92,direct,,834.3,753.51,816.59,474447.3,374541870.07,790.39,direct,,1843.66,1635.48,1758.59,141139.03,245512548.39,1756.57,direct,,183.07,165.23,178.16,607442.03,104848948.01,171.66,direct,
2018-05-07,9662.23,9202.13,9643.99,73842.44,692580062.51,9377.81,direct,,794.86,690.91,790.39,1131598.73,828032480.2,752.4,direct,,1779.2,1562.58,1756.57,109780.2,179642018.72,1651.39,direct,,172.07,157.51,171.84,596014.38,97537791.4,164.23,direct,
2018-05-08,9472.09,9063.07,9377.08,72659.12,673924125.29,9196.13,direct,,775.38,720.36,752.39,510303.7,380893335.71,747.79,direct,,1694.87,1550.7,1651.39,82318.43,132524367.42,1599.52,direct,,168.16,157.31,164.24,478625.24,77383969.12,159.04,direct,
2018-05-09,9373.46,8987.27,9196.13,67939.11,625495066.08,9321.16,direct,,759.91,709.78,747.79,464189.13,341691727.41,751.27,direct,,1676.39,1459.67,1599.52,101081.14,158636690.72,1626.63,direct,,161.63,156.6,159.37,908204.75,142474731.68,156.88,multiply,BTC
2018-05-10,9393.95,9017.13,9321.52,67915.99,629850604.12,9032.22,direct,,767.22,722.65,751.27,383612.95,287536989.76,723.61,direct,,1603.22,1511.99,1628.47,175726.02,267759977.41,1523.74,multiply,BTC,155.17,148.13,156.88,900127.83,133578407.03,148.4,multiply,BTC
2018-05-11,9032.27,8363.5,9032.22,134727.27,1176888629.2,8421.0,direct,,735.97,665.49,723.63,748412.09,518848404.01,677.8,direct,,1556.67,1309.56,1519.84,178033.35,250733936.31,1367.01,direct,,148.52,133.56,148.24,823339.72,116335404.31,136.47,direct,
2018-05-12,8653.8,8225.97,8420.82,92805.87,783972252.35,8486.67,direct,,690.88,638.47,677.8,487345.93,324590855.24,683.64,direct,,1503.59,1269.17,1367.01,137793.68,192556727.8,1458.55,direct,,144.75,131.53,136.47,462749.72,64058613.96,141.82,direct,
2018-05-13,8773.96,8350.91,8488.07,61066.94,525395861.86,8709.46,direct,,740.02,669.96,683.64,385804.48,274037817.61,729.34,direct,,1503.25,1464.06,1459.95,158542.12,235153007.79,1483.22,multiply,BTC,146.41,141.62,141.92,806416.2,116799967.47,144.84,multiply,BTC
2018-05-14,8883.0,8312.72,8709.46,101370.46,874543293.99,8672.9,direct,,741.82,685.75,729.34,632807.6,453297981.45,727.41,direct,,1493.79,1329.13,1478.75,115812.58,163658298.77,1412.97,direct,,152.8,134.53,144.41,866068.87,124684754.66,147.39,direct,
2018-05-15,8848.69,8441.25,8672.88,84517.8,730739738.9,8480.16,direct,,738.53,695.3,727.41,398394.01,287313625.77,705.64,direct,,1453.09,1310.74,1412.97,96570.2,133975697.39,1337.53,direct,,149.65,137.92,147.39,517545.12,74327593.06,139.56,direct,
2018-05-16,8501.65,8119.17,8480.16,95203.5,789660713.22,8344.78,direct,,710.26,676.6,705.64,362472.35,251185347.62,706.72,direct,,1355.91,1216.59,1337.53,102588.55,129995294.09,1280.11,direct,,139.69,136.44,139.5,748962.01,104186219.77,139.11,multiply,BTC
2018-05-17,8476.45,8015.77,8342.69,74445.77,615539512.71,8071.04,direct,,718.31,661.81,706.71,352700.81,244822300.73,668.38,direct,,1344.04,1166.47,1280.11,85008.97,106796700.65,1192.88,direct,,135.84,132.12,139.07,692712.46,91914559.96,132.69,multiply,BTC
2018-05-18,8280.45,7940.35,8071.04,68665.67,558167598.76,8247.91,direct,,694.35,657.7,668.41,352343.1,238310952.16,693.57,direct,,1218.3,1130.38,1192.88,90815.42,107567516.41,1203.32,direct,,137.58,129.13,132.63,419455.18,55740005.1,136.19,direct,
2018-05-19,8397.27,8160.8,8247.91,45978.21,381458405.45,8249.24,direct,,716.86,683.0,693.57,231151.7,161222563.27,696.05,direct,,1206.04,1164.79,1204.19,140908.97,166222043.37,1179.64,multiply,BTC,136.69,134.05,136.09,667734.57,90336164.68,135.29,multiply,BTC
2018-05-20,8591.45,8181.46,8249.24,49694.23,418898289.02,8533.0,direct,,722.71,687.86,696.05,232101.64,165135550.67,715.15,direct,,1309.82,1215.95,1179.64,163091.42,210836351.66,1292.75,multiply,BTC,141.14,138.58,135.29,694459.74,97124271.12,139.86,multiply,BTC
2018-05-21,8585.85,8347.88,8533.22,54602.79,463653636.91,8419.65,direct,,710.37,694.96,716.45,421289.2,294835584.77,699.84,multiply,BTC,1280.63,1223.38,1292.78,136306.08,168130649.77,1233.48,multiply,BTC,138.25,134.63,139.86,705200.17,94941242.4,134.63,multiply,BTC
2018-05-22,8428.6,7962.43,8419.67,66032.52,543342369.36,7992.75,direct,,698.46,638.35,696.73,427356.07,287275714.36,640.84,direct,,1230.02,1122.38,1229.05,74018.63,86991398.5,1135.15,direct,,130.2,127.4,134.63,725017.94,92892040.85,128.12,multiply,BTC
2018-05-23,8031.63,7460.66,7992.75,120597.47,934151146.29,7505.77,direct,,649.59,564.32,641.12,910256.61,549177930.28,577.01,direct,,1152.58,968.43,1135.14,140489.8,146261127.48,994.37,direct,,129.37,116.37,128.13,579250.09,70801644.51,118.7,direct,
2018-05-24,7729.48,7283.77,7505.77,109709.83,826278113.25,7584.74,direct,,609.0,544.19,577.01,734681.33,426679791.16,602.59,direct,,1080.37,945.77,994.24,107273.58,109144652.25,1073.9,direct,,124.96,115.02,118.72,465311.57,56072299.75,122.88,direct,
2018-05-25,7652.37,7347.96,7584.78,84630.56,634474356.99,7475.36,direct,,615.92,568.65,602.66,474341.89,281427114.77,584.77,direct,,1074.99,985.4,1073.9,77381.87,79498329.86,1016.45,direct,,121.77,118.56,122.95,728482.86,86749549.1,119.08,multiply,BTC
2018-05-26,7626.69,7314.71,7475.36,48994.09,368322782.27,7355.06,direct,,607.81,578.43,584.77,247238.21,146794781.23,585.76,direct,,1015.0,990.73,1013.66,138519.35,139679965.68,1008.38,multiply,BTC,118.93,117.02,119.08,640511.07,75988387.26,118.64,multiply,BTC
2018-05-27,7420.07,7256.67,7355.06,46446.45,341348321.23,7362.23,direct,,590.88,555.2,585.76,390537.58,223422108.46,569.64,direct,,1010.83,988.75,1008.38,143590.41,143137517.52,996.85,multiply,BTC,119.19,117.5,118.64,614027.01,72465347.42,118.02,multiply,BTC
2018-05-28,7455.55,7092.91,7362.23,72505.5,526854342.95,7118.88,direct,,574.52,500.81,569.64,729475.2,387811928.1,512.03,direct,,968.88,881.32,996.85,176257.95,156844899.39,889.86,multiply,BTC,119.01,110.5,117.96,428452.13,48882435.49,111.17,direct,
2018-05-29,7533.03,7069.01,7118.88,86536.7,634849312.09,7474.75,direct,,572.47,510.91,512.03,640564.29,348565933.16,566.59,direct,,1006.71,872.94,883.18,109321.44,104520371.79,988.06,direct,,122.71,109.9,111.17,475408.01,55588062.13,119.5,direct,
2018-05-30,7571.08,7295.78,7474.75,67797.62,505870974.98,7393.02,direct,,585.23,542.08,566.7,454107.08,254739325.61,557.12,direct,,1004.71,964.05,987.41,197602.57,194150919.05,982.53,multiply,BTC,119.99,116.14,119.75,793540.39,93162560.39,117.4,multiply,BTC
2018-05-31,7608.87,7349.52,7393.02,60780.47,458223966.12,7502.15,direct,,585.92,553.42,557.12,412555.59,236501539.67,577.23,direct,,1018.79,987.28,982.53,243709.07,243352320.13,998.54,multiply,BTC,119.66,118.08,117.4,785604.5,93120820.23,118.53,multiply,BTC
2018-06-01,7614.66,7370.27,7501.74,61082.25,458687659.47,7530.55,direct,,589.26,564.46,577.23,351962.04,202265552.5,579.01,direct,,1006.08,994.79,998.48,151713.53,152064929.64,1002.32,multiply,BTC,120.41,118.23,118.53,777663.6,93641191.62,120.41,multiply,BTC
2018-06-02,7697.34,7467.79,7530.55,47435.99,362414878.61,7643.26,direct,,599.53,574.36,579.01,291012.56,171480785.55,590.53,direct,,1095.28,1015.79,1002.32,179269.23,194431569.42,1084.58,multiply,BTC,123.74,121.22,120.41,774688.61,95626515.41,123.44,multiply,BTC
2018-06-03,7774.96,7606.76,7643.26,42988.84,332313005.46,7719.75,direct,,628.06,590.3,590.53,256805.13,157840093.86,619.04,direct,,1192.86,1073.1,1084.22,106773.39,121830441.16,1168.41,direct,,127.38,123.67,123.44,803320.0,100463159.03,125.06,multiply,BTC
2018-06-04,7760.73,7469.21,7719.73,56223.86,427448262.3,7503.2,direct,,625.95,580.07,619.03,336233.12,201486274.14,591.31,direct,,1210.85,1075.25,1168.43,121841.66,138533392.5,1097.9,direct,,122.98,118.93,125.06,766470.72,91958219.87,119.98,multiply,BTC
2018-06-05,7672.7,7394.97,7503.32,58424.84,440337235.4,7629.4,direct,,612.99,576.47,591.31,325957.03,193989055.5,608.23,direct,,1158.5,1047.13,1097.9,89002.98,98390092.31,1150.06,direct,,122.45,120.01,119.98,758384.52,92692022.09,122.22,multiply,BTC
2018-06-06,7701.35,7504.98,7629.4,51911.42,396116252.65,7661.79,direct,,611.67,593.1,608.2,263380.18,158835369.59,606.3,direct,,1156.59,1097.58,1150.06,81387.77,91936744.01,1129.12,direct,,123.05,120.83,122.22,762056.96,92602105.47,121.52,multiply,BTC
2018-06-07,7755.92,7651.13,7661.79,44318.41,342475552.09,7700.11,direct,,616.0,598.6,606.3,281044.33,170556871.85,604.44,direct,,1159.64,1135.77,1131.65,130191.82,149170710.66,1145.78,multiply,BTC,122.89,120.51,121.52,758190.54,92301160.34,121.74,multiply,BTC
2018-06-08,7709.61,7559.5,7700.4,40500.95,310119047.41,7627.52,direct,,604.79,596.7,605.56,427639.18,256868828.86,600.67,multiply,BTC,1138.03,1102.94,1145.82,133902.94,149627387.2,1117.43,multiply,BTC,121.05,119.07,121.74,734294.01,88213265.39,120.13,multiply,BTC
2018-06-09,7691.74,7495.72,7627.56,28511.04,218013881.09,7513.69,direct,,596.51,590.65,600.67,420404.18,250081141.71,594.86,multiply,BTC,1112.03,1088.73,1117.44,116685.71,127478032.69,1092.49,multiply,BTC,118.49,117.06,120.13,691396.88,81352788.95,117.66,multiply,BTC
2018-06-10,7514.04,6661.98,7513.76,127797.43,895514425.38,6773.72,direct,,593.35,501.68,593.35,636718.45,345313063.24,524.74,direct,,1086.46,898.76,1085.74,144546.26,142156156.85,937.21,direct,,117.46,103.19,117.46,815788.93,89238775.15,106.75,direct,
2018-06-11,6913.85,6652.89,6773.72,71169.64,482788065.15,6887.37,direct,,535.79,509.82,524.73,505308.31,264673809.14,531.15,direct,,980.56,896.73,935.9,89102.71,83391163.51,954.26,direct,,108.73,103.08,106.73,446525.43,47301326.08,107.22,direct,
2018-06-12,6888.33,6462.61,6887.43,75997.29,509372466.34,6556.94,direct,,539.34,484.7,531.15,546980.39,279956302.81,494.53,direct,,959.63,851.06,954.26,85373.27,77008744.0,870.75,direct,,107.92,97.44,107.22,531651.78,54531308.11,100.04,direct,
2018-06-13,6623.0,6140.63,6556.94,124304.17,797087281.14,6310.43,direct,,501.67,450.05,494.53,752164.24,357167683.26,476.3,direct,,882.72,802.28,870.74,94021.36,79282537.54,842.82,direct,,100.38,89.28,100.04,722600.82,68066180.48,93.74,direct,
2018-06-14,6719.44,6286.23,6310.43,95038.67,620296377.11,6643.26,direct,,526.64,460.01,476.3,885354.26,440112742.52,519.83,direct,,907.66,828.39,842.82,81167.3,70845642.28,895.36,direct,,101.97,97.59,93.71,1267590.82,127829799.23,100.84,multiply,BTC
2018-06-15,6667.23,6380.69,6643.63,57731.42,379228601.07,6396.71,direct,,521.18,483.02,519.83,510688.96,255304825.57,487.51,direct,,864.84,836.69,894.9,140777.27,118867500.94,844.37,multiply,BTC,97.17,94.35,100.85,1087324.22,104051253.76,95.69,multiply,BTC
2018-06-16,6569.15,6345.99,6396.71,35851.38,232802782.59,6503.1,direct,,503.28,483.99,487.51,241642.76,119611543.34,497.22,direct,,866.21,849.96,844.37,135408.26,115443180.03,852.56,multiply,BTC,97.61,95.47,95.69,917114.95,88805303.54,96.83,multiply,BTC
2018-06-17,6585.77,6446.38,6503.1,34359.95,224575526.46,6457.78,direct,,500.48,493.57,498.14,473048.44,235070149.99,496.93,multiply,BTC,851.78,842.09,852.56,140701.74,119211059.79,847.26,multiply,BTC,96.67,94.93,96.83,860489.26,81852405.41,95.12,multiply,BTC
2018-06-18,6802.03,6401.41,6457.78,65285.57,430241689.13,6714.82,direct,,524.65,487.72,496.84,340090.4,172442291.23,517.63,direct,,890.39,867.55,847.26,155782.4,137974097.24,885.68,multiply,BTC,99.65,97.57,95.12,925703.61,91560694.78,98.91,multiply,BTC
2018-06-19,6839.6,6672.2,6714.56,54949.84,370797057.99,6741.28,direct,,547.94,515.02,517.63,371838.21,197307560.17,538.45,direct,,913.44,883.78,885.65,137922.68,124961814.33,906.03,multiply,BTC,100.18,98.02,98.91,1038939.58,102605415.26,98.76,multiply,BTC
2018-06-20,6817.9,6569.96,6741.28,59674.47,400530201.24,6761.27,direct,,541.8,517.15,538.45,334563.47,176897556.23,536.16,direct,,910.07,887.08,906.03,148824.18,132823741.18,892.49,multiply,BTC,99.59,97.57,98.76,919267.86,89937101.41,97.84,multiply,BTC
